station_id,name,address,district,lat,long,bike_stands,available_bikes,status,last_update
2010,2010 - CONFLUENCE / DARSE,Allée Andrée Mure,Lyon 2e Arrondissement,45.743317,4.815747,22,13,OPEN,2025-12-26T21:34:09+01:00
5015,5015 - FULCHIRON,"41, Quai Fulchiron",Lyon 5e Arrondissement,45.75197,4.821662,19,7,OPEN,2025-12-26T21:31:25+01:00
32001,32001 - COUZON - CENTRE,Quai Jean Lavergne,Couzon-au-Mont-d'Or,45.846034,4.832409,17,8,OPEN,2025-12-26T21:32:20+01:00
6004,6004 - FOCH,"11, Cours Franklin Roosevelt",Lyon 6e Arrondissement,45.768896,4.844845,20,15,OPEN,2025-12-26T21:35:35+01:00
7035,7035 - MARSEILLE / UNIVERSITÉ,Place Deperet,Lyon 7e Arrondissement,45.750945,4.83927,40,27,OPEN,2025-12-26T21:30:28+01:00
10120,10120 - SALENGRO / DESCARTES,"39, Avenue Roger Salengro",Villeurbanne,45.776239,4.871634,15,1,OPEN,2025-12-26T21:27:39+01:00
5016,5016 - POINT DU JOUR / GRANGES,"49, Avenue du Point du Jour",Lyon 5e Arrondissement,45.756204,4.802727,13,2,OPEN,2025-12-26T21:32:14+01:00
9013,9013 - QUAI PAUL SÉDALLIAN,"52, Quai Paul Sédallian",Lyon 9e Arrondissement,45.787522,4.814418,20,8,OPEN,2025-12-26T21:34:29+01:00
10028,10028 - ECOLE DE MUSIQUE,"49, Cours de la République",Villeurbanne,45.767467,4.874032,24,14,OPEN,2025-12-26T21:35:31+01:00
10011,10011 - GRATTE-CIEL,"176, Cours Emile Zola",Villeurbanne,45.769226,4.880491,16,16,OPEN,2025-12-26T21:34:03+01:00
15002,15002 - ST PRIEST - CITE BERLIET,Place Steven Spielberg,Saint-Priest,45.70597,4.900886,20,16,OPEN,2025-12-26T21:30:54+01:00
10005,10005 - 11 NOVEMBRE,"1, Boulevard du 11 Novembre 1918",Villeurbanne,45.779702,4.860029,35,4,OPEN,2025-12-26T21:30:20+01:00
4012,4012 - PLACE ADRIEN GODIEN,"Face 30, Cours d'Herbouville",Lyon 4e Arrondissement,45.778767,4.841109,30,9,OPEN,2025-12-26T21:35:47+01:00
11004,11004 - CALUIRE - BRANLY / PASTEUR,"75, Rue Pasteur",Caluire-et-Cuire,45.79169,4.843452,15,8,OPEN,2025-12-26T21:34:18+01:00
16002,16002 - VÉNISSIEUX - LÉVY / VIENNE,"1, Avenue du Docteur Georges Lévy",Vénissieux,45.719399,4.854681,18,10,OPEN,2025-12-26T21:34:09+01:00
3009,3009 - MUSEE AFRICAIN,"Face 150, Cours Gambetta",Lyon 3e Arrondissement,45.750251,4.857919,22,21,OPEN,2025-12-26T21:27:30+01:00
10122,10122 - VERDUN / DESGRAND,"Face 17, Rue de Verdun",Villeurbanne,45.784023,4.897102,18,1,OPEN,2025-12-26T21:30:11+01:00
16001,16001 - VENISSIEUX - PLACE ROMAND,Place Ennemond Romand,Vénissieux,45.725891,4.858428,20,14,OPEN,2025-12-26T21:31:16+01:00
10091,10091 - CHÂTEAU GAILLARD / FORT,"28, Rue Louis Fort",Villeurbanne,45.774754,4.887977,16,11,OPEN,2025-12-26T21:34:01+01:00
2021,2021 - RAMBAUD / ECOLE DU CINÉMA,"15, Quai Rambaud",Lyon 2e Arrondissement,45.745824,4.817176,30,29,OPEN,2025-12-26T21:35:11+01:00
4025,4025 - CHAZIÈRE,"25, Rue Chazière",Lyon 4e Arrondissement,45.775425,4.817888,20,0,OPEN,2025-12-26T21:32:01+01:00
10113,10113 - GARE DE VILLEURBANNE,"Face 2, Avenue Paul Krüger",Villeurbanne,45.755768,4.891542,22,6,OPEN,2025-12-26T21:35:21+01:00
4023,4023 - PONT MASARYK,"Face 45, Quai Joseph Gillet",Lyon 4e Arrondissement,45.778175,4.810716,22,21,OPEN,2025-12-26T21:35:13+01:00
3066,3066 - KIMMERLING / FAURE,"139, Avenue Félix Faure",Lyon 3e Arrondissement,45.754296,4.86359,19,13,OPEN,2025-12-26T21:33:08+01:00
10111,10111 - CHARLES HERNU,"110, Cours Vitton",Lyon 6e Arrondissement,45.770309,4.86196,20,10,OPEN,2025-12-26T21:31:01+01:00
5040,5040 - PLACE CRÉPU,"Face 13, Place Benoit Crépu",Lyon 5e Arrondissement,45.757847,4.826103,20,12,OPEN,2025-12-26T21:34:42+01:00
7008,7008 - JEAN JAURÈS / GUILLOTIÈRE,"17, Avenue Jean Jaurès",Lyon 7e Arrondissement,45.75251,4.846278,10,5,OPEN,2025-12-26T21:36:03+01:00
7024,7024 - BANCEL / CHEVREUL,"Face 10, Rue Bancel",Lyon 7e Arrondissement,45.748504,4.840505,21,1,OPEN,2025-12-26T21:34:37+01:00
2023,2023 -  PERRACHE / PETIT,"19, Quai Perrache",Lyon 2e Arrondissement,45.7444746076792,4.82671963006449,18,11,OPEN,2025-12-26T21:36:33+01:00
8029,8029 - ETATS-UNIS / LÉVIGNE,"78, Boulevard des Etats-Unis",Lyon 8e Arrondissement,45.732366,4.865101,22,6,OPEN,2025-12-26T21:32:35+01:00
4004,4004 - HÉNON,"60, Boulevard des Canuts",Lyon 4e Arrondissement,45.779786,4.827635,22,4,OPEN,2025-12-26T21:31:46+01:00
8061,8061 - STADE VUILLERMET,"186, Avenue Paul Santy",Lyon 8e Arrondissement,45.725403,4.881292,18,2,OPEN,2025-12-26T21:32:38+01:00
1023,1023 - CROIX ROUSSE / PERFETTI,"Face 23, Boulevard de la Croix Rousse",Lyon 1er Arrondissement,45.772229,4.819389,20,10,OPEN,2025-12-26T21:34:15+01:00
7003,7003 - GAMBETTA / GARIBALDI,"100, Cours Gambetta",Lyon 7e Arrondissement,45.751827,4.8526,40,15,OPEN,2025-12-26T21:34:05+01:00
7030,7030 - QUARTIER GENERAL FRERE,"31, Boulevard Yves Farge",Lyon 7e Arrondissement,45.743163,4.834165,30,18,OPEN,2025-12-26T21:33:14+01:00
6042,6042 - CITÉ INTERNATIONALE / RÉSIDENCE HÔTELIÈRE,"35, Quai Charles de Gaulle",Lyon 6e Arrondissement,45.784812,4.856432,28,11,OPEN,2025-12-26T21:31:09+01:00
2013,2013 - CÉLESTINS,"Face 2, Place des Célestins",Lyon 2e Arrondissement,45.759932,4.832111,22,18,OPEN,2025-12-26T21:34:33+01:00
3086,3086 - FEUILLAT / LACASSAGNE,"Face115, Avenue Lacassagne",Lyon 3e Arrondissement,45.749563,4.875934,16,5,OPEN,2025-12-26T21:35:13+01:00
8025,8025 - DUMONT / JOUVET,"16, Rue Santos Dumont",Lyon 8e Arrondissement,45.744447,4.860889,17,7,OPEN,2025-12-26T21:36:00+01:00
3050,3050 - FRICHE RVI,"Face 1, Rue Félix Rollet",Lyon 3e Arrondissement,45.748346,4.875955,20,0,OPEN,2025-12-26T21:35:20+01:00
8056,8056 - DELORE / AUDIBERT ET LAVIROTTE,"Face 69, Rue Audibert et Lavirotte",Lyon 8e Arrondissement,45.73586,4.856888,18,0,OPEN,2025-12-26T21:34:28+01:00
10119,10119 - VILLEURBANNE SAINT-JEAN,"2, Rue des Acacias",Villeurbanne,45.780422,4.904505,12,6,OPEN,2025-12-26T21:30:48+01:00
7053,7053 - JAURÈS / THIBAUDIÈRE,"Face 27, Rue de la Thibaudière",Lyon 7e Arrondissement,45.750344,4.845048,28,20,OPEN,2025-12-26T21:35:40+01:00
3012,3012 - PLACE DU CHÂTEAU,Place du Château,Lyon 3e Arrondissement,45.749565,4.887311,25,5,OPEN,2025-12-26T21:30:15+01:00
4009,4009 - JACQUARD / DENFERT-ROCHEREAU,"Face 27, Rue Denfert-Rochereau",Lyon 4e Arrondissement,45.77591,4.825394,14,3,OPEN,2025-12-26T21:32:25+01:00
10089,10089 - COLIN / PERRONCEL,"22, Rue Colin",Villeurbanne,45.774581,4.87406,15,12,OPEN,2025-12-26T21:29:13+01:00
1031,1031 - PLACE DE LA PAIX,Place de la Paix,Lyon 1er Arrondissement,45.768023,4.831733,20,12,OPEN,2025-12-26T21:32:18+01:00
3037,3037 - PAUL BERT / GARIBALDI,"111, Rue Paul Bert",Lyon 3e Arrondissement,45.757112,4.853405,21,7,OPEN,2025-12-26T21:33:41+01:00
8035,8035 - SANS SOUCI,"18, Rue Edouard Rochet",Lyon 8e Arrondissement,45.747251,4.865386,20,10,OPEN,2025-12-26T21:28:09+01:00
5045,5045 - VALDO / RIVET,Rue Jeunet,Lyon 5e Arrondissement,45.750497,4.788819,18,0,OPEN,2025-12-26T21:36:03+01:00
13001,13001 - DECINES - CENTRE,"27, Rue Emile Bertrand",Décines-Charpieu,45.771902,4.955721,20,12,OPEN,2025-12-26T21:27:51+01:00
6035,6035 - CITÉ INTERNATIONALE,"50, Quai Charles de Gaulle",Lyon 6e Arrondissement,45.785455999999996,4.8540849999999995,21,4,OPEN,2025-12-26T21:36:34+01:00
1036,1036 - AVEYRON,"160, Boulevard de la Croix-Rousse",Lyon 1er Arrondissement,45.774366,4.832716,17,16,OPEN,2025-12-26T21:35:32+01:00
6022,6022 - PLACE MARÉCHAL LYAUTEY,"5, Place Maréchal Lyautey",Lyon 6e Arrondissement,45.769383,4.842364,20,18,OPEN,2025-12-26T21:31:22+01:00
9020,9020 - BOURBONNAIS,"45, Rue du Bourbonnais",Lyon 9e Arrondissement,45.773468,4.800286,12,2,OPEN,2025-12-26T21:34:16+01:00
2027,2027 - PERRACHE EST,"48b, Cours Suchet",Lyon 2e Arrondissement,45.746163,4.82548,20,15,OPEN,2025-12-26T21:30:20+01:00
2016,2016 - PLACE REGAUD,"2, Place Francisque Regaud",Lyon 2e Arrondissement,45.763065,4.83425,12,8,OPEN,2025-12-26T21:34:33+01:00
3080,3080 - PART-DIEU / VILLETTE,"44, Rue de la Villette",Lyon 3e Arrondissement,45.760042,4.861734,30,0,OPEN,2025-12-26T21:35:55+01:00
5029,5029 - PLACE GERSON,Place Gerson,Lyon 5e Arrondissement,45.767057,4.827014,20,1,OPEN,2025-12-26T21:31:50+01:00
2004,2004 - PERRACHE / CARNOT,"Face 16, Place Carnot",Lyon 2e Arrondissement,45.750116,4.82801,18,14,OPEN,2025-12-26T21:32:58+01:00
14001,14001 - BRON - CENTRE NAUTIQUE,"22, Rue de la Marne",Bron,45.742932,4.9086300000000005,13,7,OPEN,2025-12-26T21:28:24+01:00
7009,7009 - JEAN JAURÈS,"175, Avenue Jean Jaurès",Lyon 7e Arrondissement,45.737503,4.837484,16,11,OPEN,2025-12-26T21:32:51+01:00
7045,7045 - PARC DES BERGES,"Face 40, Avenue Leclerc",Lyon 7e Arrondissement,45.737745,4.824495,25,17,OPEN,2025-12-26T21:35:33+01:00
3101,3101 - PATINOIRE BARABAN,"Face 52, Rue Baraban",Lyon 3e Arrondissement,45.762055,4.868486,20,4,OPEN,2025-12-26T21:27:16+01:00
4021,4021 - TABAREAU,Rue Tabareau,Lyon 4e Arrondissement,45.774061,4.82516,10,2,OPEN,2025-12-26T21:31:05+01:00
3103,3103 - PLACE DANTON,"4, Place Danton",Lyon 3e Arrondissement,45.7548502313005,4.85748756866509,18,17,OPEN,2025-12-26T21:33:35+01:00
6031,6031 - LAFAYETTE / CORNEILLE,"64, Rue Pierre Corneille",Lyon 6e Arrondissement,45.763717,4.8437909999999995,13,11,OPEN,2025-12-25T18:53:15+01:00
10018,10018 - TOLSTOÏ / FLORIAN,"118, Cours Tolstoï",Villeurbanne,45.7618786774588,4.88106205566506,24,18,OPEN,2025-12-26T21:33:47+01:00
9049,9049 - SERGENT BERTHET / GORGE DE LOUP,"3, Rue Gorge de Loup",Lyon 9e Arrondissement,45.770136,4.80516,16,6,OPEN,2025-12-26T21:33:03+01:00
3017,3017 - SAXE / DUNOIR,"5, Rue Dunoir",Lyon 3e Arrondissement,45.760912,4.845291,37,24,OPEN,2025-12-26T21:33:50+01:00
9009,9009 - BERLIOZ / CHALINEL,"34, Rue Hector Berlioz",Lyon 9e Arrondissement,45.801192,4.825451,15,9,OPEN,2025-12-26T21:36:17+01:00
10021,10021 - GRANDCLÉMENT,Cours Tolstoï,Villeurbanne,45.759743,4.889938,19,6,OPEN,2025-12-26T21:30:15+01:00
6044,6044 - CHARMETTES / BELLECOMBE,"26, Rue de la Viabert",Lyon 6e Arrondissement,45.766372,4.865058,21,6,OPEN,2025-12-26T21:32:37+01:00
3008,3008 - INSTITUT LUMIERE,Cours Albert Thomas,Lyon 3e Arrondissement,45.745828,4.8706309999999995,18,17,OPEN,2025-12-26T21:33:06+01:00
8042,8042 - FRANCIS DE PRESSENSÉ,"73, Rue Paul Cazeneuve",Lyon 8e Arrondissement,45.731361,4.860139,22,4,OPEN,2025-12-26T21:32:35+01:00
9044,9044 - MASSET / SAINT-PIERRE DE VAISE,"17, Avenue Joannès Masset",Lyon 9e Arrondissement,45.770508,4.800869,16,5,OPEN,2025-12-26T21:29:47+01:00
28001,28001 - FONTAINES S/S - QUAI SIMON,Quai Jean-Baptiste Simon,Fontaines-sur-Saône,45.832495,4.848795,20,9,OPEN,2025-12-26T21:33:50+01:00
4006,4006 - PHILIPPE DE LASSALLE,Rue Philippe de Lassalle ,Lyon 4e Arrondissement,45.773358,4.821234,23,6,OPEN,2025-12-26T21:34:25+01:00
6017,6017 - LAFAYETTE / INKERMANN,"85, Rue d'Inkermann",Lyon 6e Arrondissement,45.764062,4.865802,30,6,OPEN,2025-12-26T21:32:27+01:00
2036,2036 - PLACE ANTONIN GOURJU,"Face 11, Place Antonin Gourju",Lyon 2e Arrondissement,45.759494,4.830161,30,29,OPEN,2025-12-26T21:32:39+01:00
6002,6002 - PORTE DES ENFANTS DU RHÔNE,"6, Place Général Leclerc",Lyon 6e Arrondissement,45.777521,4.844922,40,24,OPEN,2025-12-26T21:26:53+01:00
6032,6032 - PRÉFECTURE / SARRAIL,"Face 14, Quai Général Sarrail",Lyon 6e Arrondissement,45.764821,4.8415669999999995,20,17,OPEN,2025-12-26T21:34:29+01:00
8055,8055 - SAINT-ROMAIN / BERLIET,"55, Rue Marius Berliet",Lyon 8e Arrondissement,45.74222,4.860219,20,9,OPEN,2025-12-26T21:34:56+01:00
10016,10016 - PLACE DE LA PAIX,"Face 10, Place de la Paix",Villeurbanne,45.752074,4.91466,17,3,OPEN,2025-12-26T21:35:09+01:00
7041,7041 - DOMER / CHEVREUL,Rue Domer,Lyon 7e Arrondissement,45.746681,4.844455,12,8,OPEN,2025-12-26T21:33:41+01:00
3090,3090 - VINATIER,"95, Boulevard Pinel",Lyon 3e Arrondissement,45.741922,4.894068,20,1,OPEN,2025-12-26T21:28:36+01:00
8008,8008 - BEAUVISAGE / PRESSENSÉ,"159, Rue Professeur Beauvisage",Lyon 8e Arrondissement,45.727881,4.86355,17,2,OPEN,2025-12-26T21:32:59+01:00
3071,3071 - BIOPARC,"Face 60, Avenue Rockefeller",Lyon 3e Arrondissement,45.740492,4.888084,23,0,CLOSED,2025-12-26T21:30:24+01:00
5006,5006 - QUAI ROMAIN ROLLAND,Quai Romain Rolland,Lyon 5e Arrondissement,45.7620452080746,4.82872732991442,17,12,OPEN,2025-12-26T21:35:59+01:00
10014,10014 - LAURENT BONNEVAY / ASTROBALLE,"419, Cours Emile Zola",Villeurbanne,45.765214,4.909808,28,11,OPEN,2025-12-26T21:32:38+01:00
10004,10004 - TONKIN,"2, Avenue Salvador Allende",Villeurbanne,45.776217,4.862636,10,6,OPEN,2025-12-26T21:35:52+01:00
1013,1013 - MARTINIÈRE,"46, Quai Saint Vincent",Lyon 1er Arrondissement,45.768223,4.827533,11,2,OPEN,2025-12-26T21:30:00+01:00
26001,26001 - ST DIDIER,"113, Rue de Saint-Cyr",Saint-Didier-au-Mont-d'Or,45.791621,4.808426,17,13,OPEN,2025-12-26T21:29:23+01:00
9010,9010 - PISCINE DE VAISE,"52, Rue Sidoine Apollinaire",Lyon 9e Arrondissement,45.771034,4.7964400000000005,19,6,OPEN,2025-12-26T21:29:56+01:00
6028,6028 - RÉCAMIER / TÊTE D'OR,"Face 10, Rue Juliette Récamier",Lyon 6e Arrondissement,45.764345,4.853492,16,14,OPEN,2025-12-26T21:28:27+01:00
10034,10034 - DOCTEUR DAMIDOT,"46, Rue Docteur Jean Damidot",Villeurbanne,45.761825,4.886156,18,8,OPEN,2025-12-26T21:31:02+01:00
3058,3058 - PLACE DU LAC,Place du Lac,Lyon 3e Arrondissement,45.758974,4.853599,19,18,OPEN,2025-12-26T21:32:24+01:00
6045,6045 - BROTTEAUX / VAUBAN,"33, Boulevard des Brotteaux",Lyon 6e Arrondissement,45.766284,4.856848,15,14,OPEN,2025-12-26T21:30:50+01:00
5047,5047 - ALBÉRIC PONT,"2, Rue Docteur Albéric Pont",Lyon 5e Arrondissement,45.753452,4.804401,16,5,OPEN,2025-12-26T21:27:09+01:00
8053,8053 - LUMIERE / TROUILHET,"6, Rue Antoine Lumière",Lyon 8e Arrondissement,45.743569,4.870083,16,13,OPEN,2025-12-26T21:32:38+01:00
9008,9008 - L'ILE BARBE,"3, Quai Paul Sédallian",Lyon 9e Arrondissement,45.797415,4.829038,16,7,OPEN,2025-12-26T21:33:27+01:00
9046,9046 - MANGINI,"12, Rue Félix Mangini",Lyon 9e Arrondissement,45.790414,4.816359,24,8,OPEN,2025-12-26T21:35:23+01:00
4042,4042 - GREGORY COUPET,"63, Rue Philippe de Lassalle",Lyon 4e Arrondissement,45.781699,4.820596,16,9,OPEN,2025-12-26T21:27:25+01:00
10053,10053 - ROSSELINI / 11 NOVEMBRE,"29, Boulevard du 11 Novembre 1918",Villeurbanne,45.77939,4.863068,30,10,OPEN,2025-12-26T21:29:36+01:00
6039,6039 - GARIBALDI / BUGEAUD,"Face 99, Rue Bugeaud",Lyon 6e Arrondissement,45.766708,4.852073,20,13,OPEN,2025-12-26T21:27:38+01:00
10110,10110 - MÉMOIRE ET SOCIÉTÉ,"Face 1, Rue Valentin Haüy",Villeurbanne,45.75958,4.882739,24,7,OPEN,2025-12-26T21:32:59+01:00
6021,6021 - GARIBALDI,"46, Rue Garibaldi",Lyon 6e Arrondissement,45.770664,4.849946,11,9,OPEN,2025-12-26T21:36:32+01:00
5053,5053 - SAINT-JUST,"Face 8, Rue de Trion",Lyon 5e Arrondissement,45.75597,4.818904,18,4,OPEN,2025-12-26T21:36:01+01:00
8058,8058 - LONGEFER / KRUGER,"Face 10, Rue Président Krüger",Lyon 8e Arrondissement,45.738671,4.878117,16,2,OPEN,2025-12-26T21:33:43+01:00
2037,2037 - PLACE DES ARCHIVES,"Face 18, Rue Dugas Montbel",Lyon 2e Arrondissement,45.747956,4.824898,40,12,OPEN,2025-12-26T21:34:05+01:00
14004,14004 - BRON - MAIRIE,"5, Rue de Verdun",Bron,45.73403,4.908777,23,4,OPEN,2025-12-26T21:31:30+01:00
2026,2026 - RÉPUBLIQUE / PAUFIQUE,"22, Rue Louis Paufique",Lyon 2e Arrondissement,45.759379,4.835414,28,26,OPEN,2025-12-26T21:28:26+01:00
22001,22001 - STE FOY - PLACE ST LUC,Place Saint-Luc,Sainte-Foy-lès-Lyon,45.749588,4.800967,15,5,OPEN,2025-12-26T21:36:31+01:00
9003,9003 - PLACE VALMY,"1, Rue Roquette",Lyon 9e Arrondissement,45.775679,4.805314,16,9,OPEN,2025-12-26T21:29:34+01:00
2038,2038 - REMPARTS D'AINAY,"15, Rue des Remparts d'Ainay",Lyon 2e Arrondissement,45.753077,4.829706,24,9,OPEN,2025-12-26T21:32:57+01:00
8054,8054 - MARTINIÈRE / MONPLAISIR,"Face 34, Rue Antoine Lumière",Lyon 8e Arrondissement,45.740865,4.868244,20,9,OPEN,2025-12-26T21:36:04+01:00
7039,7039 - GUILLOTIÈRE / MADELEINE,"106, Grande Rue de la Guillotière",Lyon 7e Arrondissement,45.751073,4.848018,10,9,OPEN,2025-12-26T21:34:45+01:00
2012,2012 - GAILLETON,"3, Place Gailleton",Lyon 2e Arrondissement,45.753455,4.833367,16,13,OPEN,2025-12-26T21:28:20+01:00
7006,7006 - GERLAND,"Face 317, Avenue Jean Jaurès",Lyon 7e Arrondissement,45.727494,4.831145,40,2,OPEN,2025-12-26T21:32:20+01:00
8023,8023 - MERMOZ / PINEL,"161, Avenue Jean Mermoz",Lyon 8e Arrondissement,45.730788,4.887513,23,2,OPEN,2025-12-26T21:34:01+01:00
8011,8011 - PLACE LEBRET,Place Lebret,Lyon 8e Arrondissement,45.735653,4.853042,14,10,OPEN,2025-12-26T21:31:20+01:00
1006,1006- SUBSISTANCES,"14, Quai Saint Vincent",Lyon 1er Arrondissement,45.767912,4.819872,22,13,OPEN,2025-12-26T21:32:26+01:00
4002,4002 - MAIRIE DU 4E,"133, Boulevard de la Croix-Rousse",Lyon 4e Arrondissement,45.774193,4.827743,20,9,OPEN,2025-12-26T21:35:03+01:00
20003,20003 - OULLINS - PONT BLANC,"Face 56, Boulevard de l'Yzeron",Oullins,45.720156,4.798426,24,5,OPEN,2025-12-26T21:34:07+01:00
3081,3081 - PART-DIEU / FRANCFORT,"27, Rue Maurice Flandin",Lyon 3e Arrondissement,45.760689,4.863069,28,1,OPEN,2025-12-26T21:26:43+01:00
4007,4007 - PLACE FLAMMARION,Place Camille Flammarion,Lyon 4e Arrondissement,45.779332,4.820259,18,1,OPEN,2025-12-26T21:31:17+01:00
30002,30002 - RILLIEUX - LOUP PENDU,"122, Avenue de l'Hippodrome",Rillieux-la-Pape,45.8167509779391,4.88871930286496,20,4,OPEN,2025-12-26T21:36:32+01:00
3011,3011 - PART-DIEU / CUIRASSIERS,Rue Docteur Bouchut,Lyon 3e Arrondissement,45.75991,4.857555,40,3,OPEN,2025-12-26T21:28:52+01:00
10092,10092 - MONTGOLFIER / CHATEAU GAILLARD,"135, Rue Château Gaillard",Villeurbanne,45.771561,4.890378,17,3,OPEN,2025-12-26T21:33:19+01:00
10024,10024 - MAISONS NEUVES,"34-36, Place des Maisons Neuves",Villeurbanne,45.755988,4.877409,23,11,OPEN,2025-12-26T21:32:06+01:00
3013,3013 - PLACE ANTOINETTE,Place Antoinette,Lyon 3e Arrondissement,45.753683,4.889285,21,4,OPEN,2025-12-26T21:34:31+01:00
10008,10008 - SALENGRO / VAILLANT,"108, Avenue Roger Salengro",Villeurbanne,45.778385,4.879673,24,8,OPEN,2025-12-26T21:31:53+01:00
3083,3083 - LES HALLES,"183, Rue André Philip",Lyon 3e Arrondissement,45.761595,4.850477,18,12,OPEN,2025-12-26T21:36:08+01:00
6024,6024 - TRONCHET / ANATOLE FRANCE,"115, Rue Tronchet",Lyon 6e Arrondissement,45.770743,4.856713,10,10,OPEN,2025-12-26T21:33:36+01:00
8006,8006 - PLACE DU 8 MAI 1945,Rue Professeur Beauvisage,Lyon 8e Arrondissement,45.729771,4.868157,20,2,OPEN,2025-12-26T21:33:20+01:00
23001,23001 - TASSIN - TUILERIES,"13, Promenade des Tuileries",Tassin-la-Demi-Lune,45.763244,4.778641,12,3,OPEN,2025-12-26T21:26:46+01:00
9052,9052 - BALMONT,"Face 368, Boulevard de Balmont",Lyon 9e Arrondissement,45.789194,4.799308,12,6,OPEN,2025-12-26T21:32:35+01:00
12002,12002 - VAULX - POUDRETTE / LA SOIE,"Face 2, Rue de la Poudrette",Vaulx-en-Velin,45.76438,4.919276,20,15,OPEN,2025-12-26T21:35:09+01:00
6033,6033 - CRÉQUI / LAFAYETTE,"153, Rue de Créqui",Lyon 6e Arrondissement,45.763755,4.847082,15,6,OPEN,2025-12-26T21:32:09+01:00
10012,10012 - ZOLA / FRANCE,"230, Cours Emile Zola",Villeurbanne,45.767957,4.887232,16,8,OPEN,2025-12-26T21:35:33+01:00
10124,10124 - SALENGRO / YVONNE,"1, Rue Georges Courteline",Villeurbanne,45.7772936957677,4.87675865740856,24,7,OPEN,2025-12-26T21:31:34+01:00
10123,10123 - SAINT JEAN CANAL,"19, Rue Saint Jean",Villeurbanne,45.776646,4.902366,12,10,OPEN,2025-12-26T21:33:45+01:00
4022,4022 - PLACE DE LA CROIX-ROUSSE,"Face 10, Place de la Croix-Rousse",Lyon 4e Arrondissement,45.77608,4.832543,21,13,OPEN,2025-12-26T21:31:15+01:00
10047,10047 - LHERMINIER / PRESSENSÉ,"2, Avenue du Commandant L'Herminier",Villeurbanne,45.771143,4.88504,15,7,OPEN,2025-12-26T21:32:47+01:00
7021,7021 - CHALLEMEL LACOUR / GERLAND,"Face 174, Rue de Gerland",Lyon 7e Arrondissement,45.729791,4.838138,12,5,OPEN,2025-12-26T21:32:23+01:00
3004,3004 - BOURSE DU TRAVAIL,"Face 74, Rue de la Part-Dieu",Lyon 3e Arrondissement,45.759648,4.848139,27,15,OPEN,2025-12-26T21:30:03+01:00
3016,3016 - LIBERTÉ / PART-DIEU,"34, Cours de la Liberté",Lyon 3e Arrondissement,45.759361,4.842308,9,0,OPEN,2025-12-26T21:26:50+01:00
2003,2003 - PLACE AMPÈRE,"18, Rue Bourgelat",Lyon 2e Arrondissement,45.753049,4.828297,10,7,OPEN,2025-12-26T21:30:19+01:00
7017,7017 - BEAUVOIR / MAROT,"26, Rue Simone de Beauvoir",Lyon 7e Arrondissement,45.73674,4.834106,20,11,OPEN,2025-12-26T21:29:54+01:00
19001,19001 - ST GENIS L. - MÉDIATHÈQUE,"49, Avenue Georges Clémenceau",Saint-Genis-Laval,45.697863,4.794658,12,6,OPEN,2025-12-26T21:33:30+01:00
6003,6003 - AVENUE VERGUIN,"Face 14, Avenue Verguin",Lyon 6e Arrondissement,45.772846,4.856274,20,20,OPEN,2025-12-26T21:29:12+01:00
7015,7015 - TECHSUD,"Face 2, Rue Professeur Jean Bernard",Lyon 7e Arrondissement,45.7228,4.842706,12,2,OPEN,2025-12-26T21:35:54+01:00
8024,8024 - MERMOZ / MICHELET,"66, Avenue Jean Mermoz",Lyon 8e Arrondissement,45.733317,4.878607,12,9,OPEN,2025-12-26T21:33:07+01:00
7026,7026 - BALDASSINI / GERLAND,"25, Rue Jean Baldassini",Lyon 7e Arrondissement,45.727691,4.8373919999999995,20,2,OPEN,2025-12-26T21:28:38+01:00
24001,24001 - ECULLY - MAIRIE,Place de la Libération,Écully,45.775112,4.778531,12,0,OPEN,2025-12-26T21:36:25+01:00
7007,7007 - FARGE / AYASSE,"117, Boulevard Yves Farge",Lyon 7e Arrondissement,45.735741,4.827725,20,3,OPEN,2025-12-26T21:29:56+01:00
8038,8038 - ALBERT THOMAS / VILLON,"64, Cours Albert Thomas",Lyon 8e Arrondissement,45.746691,4.867501,20,20,OPEN,2025-12-26T21:33:46+01:00
10072,10072 - JACQUES BREL,"Face 4, Rue Jacques Brel",Villeurbanne,45.774228,4.864269,23,1,OPEN,2025-12-26T21:28:52+01:00
18001,18001 - PIERRE BÉNITE - EUROPE,"22, Rue Voltaire",Pierre-Bénite,45.703245,4.821204,15,10,OPEN,2025-12-26T21:29:44+01:00
6020,6020 - MUSÉE GUIMET,"28, Boulevard des Belges",Lyon 6e Arrondissement,45.774526,4.848443,15,14,OPEN,2025-12-26T21:27:45+01:00
12001,12001 - VAULX - LA SOIE,"49, Rue de la Poudrette",Vaulx-en-Velin,45.760908,4.920569,25,20,OPEN,2025-12-26T21:36:02+01:00
10055,10055 - CONDORCET / GALLINE,"Face 16, Avenue Galline",Villeurbanne,45.776428,4.866976,15,2,OPEN,2025-12-26T21:31:43+01:00
6025,6025 - PLACE D'HELVÉTIE,"Face 5, Place d'Helvétie",Lyon 6e Arrondissement,45.773232,4.841949,30,23,OPEN,2025-12-26T21:36:10+01:00
3094,3094 - VILLETTE,"74, Rue de la Villette",Lyon 3e Arrondissement,45.757808,4.861512,38,2,OPEN,2025-12-26T21:36:06+01:00
5044,5044 - CHAMPVERT,"67, Rue Docteur Edmond Locard",Lyon 5e Arrondissement,45.760056,4.798366,15,1,OPEN,2025-12-26T21:34:23+01:00
3069,3069 - DAUPHINÉ / SAINT-MAXIMIN,"10, Rue du Dauphiné",Lyon 3e Arrondissement,45.750002,4.864587,30,29,OPEN,2025-12-26T21:31:24+01:00
10006,10006 - CHARPENNES,"3, Place Charles Hernu",Villeurbanne,45.770224999999996,4.863102,46,39,OPEN,2025-12-26T21:35:51+01:00
9011,9011 - CONSERVATOIRE,"Face 40, Quai Chauveau",Lyon 9e Arrondissement,45.769803,4.8126809999999995,19,11,OPEN,2025-12-26T21:35:22+01:00
21001,21001 - LA MULATIERE - AQUARIUM,Rue Stéphane Déchant,La Mulatière,45.727309,4.814779,24,8,OPEN,2025-12-26T21:35:36+01:00
9015,9015 - SAINT-CYR,"51t, Rue de Saint-Cyr",Lyon 9e Arrondissement,45.782855,4.807288,30,4,OPEN,2025-12-26T21:30:55+01:00
6012,6012 - PLACE PUVIS DE CHAVANNES,"Face 5, Place Puvis de Chavannes",Lyon 6e Arrondissement,45.771794,4.84459,10,7,OPEN,2025-12-26T21:35:16+01:00
8009,8009 - JEAN XXIII / MERMOZ,"Face 74, Boulevard Jean XXIII",Lyon 8e Arrondissement,45.73648,4.869789,20,2,OPEN,2025-12-26T21:27:54+01:00
3036,3036 - FELIX FAURE / VIVIER MERLE,"Face 106, Avenue Félix Faure",Lyon 3e Arrondissement,45.75381,4.859795,34,0,CLOSED,2025-12-26T21:36:25+01:00
10073,10073 - INSTITUT D'ART CONTEMPORAIN,"21, Rue Docteur Dolard",Villeurbanne,45.761468,4.872466,25,0,OPEN,2025-12-26T21:33:54+01:00
2035,2035 - CHILDEBERT / RIVIÈRE,"2, Rue Marcel-Gabriel Rivière",Lyon 2e Arrondissement,45.759842,4.835776,23,19,OPEN,2025-12-26T21:35:23+01:00
9014,9014 - QUAI DU COMMERCE,"Face 18, Quai du Commerce",Lyon 9e Arrondissement,45.7820006188352,4.81043960203213,30,4,OPEN,2025-12-26T21:35:23+01:00
3097,3097 - AUGAGNEUR / FOSSE AUX OURS,Quai Victor Augagneur,Lyon 3e Arrondissement,45.7566535,4.8404787,40,32,OPEN,2025-12-26T21:35:29+01:00
9022,9022 - MASARYK / SAINT-CYR,"5, Rue Masaryk",Lyon 9e Arrondissement,45.778639,4.8071,13,11,OPEN,2025-12-26T21:34:23+01:00
3138,3138 - VIVIER MERLE / PAUL BERT OUEST,"Face 65, Boulevard Marius Vivier-Merle",Lyon 3e Arrondissement,45.757484,4.858386,19,1,OPEN,2025-12-26T21:34:44+01:00
10112,10112 - PLACE DE LA RECONNAISSANCE,"109, Route de Genas",Villeurbanne,45.754415,4.885249,32,10,OPEN,2025-12-26T21:32:23+01:00
4024,4024 - LYON METROPOLE,"Face 84, Quai Joseph Gillet ",Lyon 4e Arrondissement,45.788204,4.818572,25,12,OPEN,2025-12-26T21:35:07+01:00
15001,15001 - ST PRIEST - PARC TECHNOLOGIQUE,"312, Cours du 3ème Millénaire",Saint-Priest,45.714426,4.930975,20,14,OPEN,2025-12-26T21:36:06+01:00
8041,8041 - ETATS-UNIS / VIVIANI,"170, Boulevard des Etats-Unis",Lyon 8e Arrondissement,45.724775,4.870745,20,10,OPEN,2025-12-26T21:31:52+01:00
2008,2008 - PLACE ANTONIN PONCET,"1, Place Antonin Poncet",Lyon 2e Arrondissement,45.756775,4.833917,40,37,OPEN,2025-12-26T21:27:23+01:00
7019,7019 - CROIX BARRET / BOURDEIX,"5, Rue Croix-Barret",Lyon 7e Arrondissement,45.736722,4.841079,32,4,OPEN,2025-12-26T21:33:03+01:00
1005,1005 - MEISSONNIER,"3, Place Meissonnier",Lyon 1er Arrondissement,45.766073,4.8328489999999995,16,8,OPEN,2025-12-26T21:32:08+01:00
6040,6040 - LES HALLES,"Face 149, Rue Boileau",Lyon 6e Arrondissement,45.764013,4.849933,15,1,OPEN,2025-12-26T21:30:33+01:00
10044,10044 - ROCARD OCTAVIE,"16, Rue Michel Rocard",Villeurbanne,45.7809037283842,4.88958755288143,25,6,OPEN,2025-12-26T21:29:12+01:00
2022,2022 - PLACE CARNOT,"23, Place Carnot",Lyon 2e Arrondissement,45.751233,4.82688,30,27,OPEN,2025-12-26T21:36:25+01:00
4014,4014 - PHILIPPE DE LASSALLE / PILLEMENT,"Face 38, Rue Philippe de Lassalle",Lyon 4e Arrondissement,45.777431,4.820526,13,3,OPEN,2025-12-26T21:34:16+01:00
7036,7036 - GRYPHE / MONTESQUIEU,"37, Rue Sébastien Gryphe",Lyon 7e Arrondissement,45.751902,4.843812,25,19,OPEN,2025-12-26T21:34:38+01:00
9029,9029 - SAINT PIERRE DE VAISE,Place Alfred Vanderpol,Lyon 9e Arrondissement,45.773125,4.807831,15,3,OPEN,2025-12-26T21:28:56+01:00
3099,3099 - PLACE SAINTE ANNE,"2, Place Saint Anne",Lyon 3e Arrondissement,45.757042,4.8653200000000005,18,2,OPEN,2025-12-26T21:33:57+01:00
8001,8001 - UNIVERSITÉ LYON III,"1, Rue Professeur Rollet",Lyon 8e Arrondissement,45.748535,4.861533,36,9,OPEN,2025-12-26T21:31:28+01:00
3005,3005 - SAXE / GAMBETTA,"1, Place Victor Basch",Lyon 3e Arrondissement,45.75377,4.848043,26,13,OPEN,2025-12-26T21:31:07+01:00
555,0-555 - ATELIER VÉLO'V,,,45.780403,4.904869,3,0,OPEN,2025-12-26T21:34:16+01:00
8033,8033 - BERTHELOT / CAZENEUVE,"11, Rue Paul Cazeneuve",Lyon 8e Arrondissement,45.737481,4.865503,20,1,OPEN,2025-12-26T21:33:53+01:00
10058,10058 - MÉTRO FLACHET,"276, Cours Emile Zola",Villeurbanne,45.767051,4.892467,22,17,OPEN,2025-12-26T21:35:24+01:00
8010,8010 - PLACE MENDÈS FRANCE,"95, Avenue de l'Europe",Lyon 8e Arrondissement,45.740052,4.8594100000000005,20,2,OPEN,2025-12-26T21:29:26+01:00
3067,3067 - HACHETTE,"2, Rue Jean Renoir",Lyon 3e Arrondissement,45.752907,4.863923,15,11,OPEN,2025-12-26T21:28:13+01:00
7055,7055 - SERVANT / JABOULAY,"30, Rue Renan",Lyon 7e Arrondissement,45.746779,4.842051,16,4,OPEN,2025-12-26T21:31:23+01:00
17002,17002 - ST FONS - 4 CHEMINS,Place des Quatre Chemins,Saint-Fons,45.708561,4.854821,11,7,OPEN,2025-12-26T21:33:40+01:00
5002,5002 - PLACE DES COMPAGNONS DE LA CHANSON,Place des Compagnons de la Chanson,Lyon 5e Arrondissement,45.756535,4.796616,18,5,OPEN,2025-12-26T21:31:39+01:00
10084,10084 - DOUA / AVENUE DES ARTS,"2, Avenue des Arts",Villeurbanne,45.783533,4.871294,30,7,OPEN,2025-12-26T21:33:42+01:00
9042,9042 - VAISE DOCKS,"Face 50, Rue des Docks",Lyon 9e Arrondissement,45.786533,4.811446,19,14,OPEN,2025-12-26T21:29:09+01:00
7013,7013 - HALLE TONY GARNIER,"8, Avenue Tony Garnier",Lyon 7e Arrondissement,45.730786,4.823733,20,8,OPEN,2025-12-26T21:31:15+01:00
14003,14003 - BRON - PLACE CURIAL,"70, Avenue Maréchal de Lattre de Tassigny",Bron,45.736633,4.917009,25,2,OPEN,2025-12-26T21:32:14+01:00
11003,11003 - CALUIRE - LA ROCHETTE,Place de la Rochette,Caluire-et-Cuire,45.791748,4.823595,20,1,OPEN,2025-12-26T21:32:58+01:00
3039,3039 - PLACE BIR-HAKEIM,"Face 2, Place Bir-Hakeim",Lyon 3e Arrondissement,45.752553,4.8557559999999995,19,15,OPEN,2025-12-26T21:34:53+01:00
10023,10023 - JAURES SAINT EXUPERY,"54, Rue Jean Jaurès",Villeurbanne,45.757646,4.883377,25,3,OPEN,2025-12-26T21:30:18+01:00
3053,3053 - GAMBETTA / JUSSERAND,"97, Avenue Jules Jusserand",Lyon 3e Arrondissement,45.751123,4.855604,13,12,OPEN,2025-12-26T21:30:13+01:00
2040,2040 - ST ANTOINE / GRENETTE,"12, Quai Saint Antoine",Lyon 2e Arrondissement,45.7633761875017,4.83212534541183,23,1,OPEN,2025-12-26T21:32:39+01:00
20002,20002 - OULLINS - MAIRIE,"4, Rue Etienne Dolet",Oullins,45.714039,4.806642,18,8,OPEN,2025-12-26T21:32:21+01:00
2024,2024 - HERRIOT / MAUPIN,"98, Rue du Président Edouard Herriot",Lyon 2e Arrondissement,45.7590315857425,4.83390624960752,24,17,OPEN,2025-12-26T21:35:49+01:00
1035,1035 - QUAI LASSAGNE,"3, Quai André Lassagne",Lyon 1er Arrondissement,45.772191,4.837917,16,2,OPEN,2025-12-26T21:35:39+01:00
2014,2014 - JACOBINS,"1, Rue Jean de Tournes",Lyon 2e Arrondissement,45.760762,4.834305,26,24,OPEN,2025-12-26T21:32:48+01:00
6037,6037 - CITÉ INTERNATIONALE / INTERPOL,"200, Quai Charles de Gaulle",Lyon 6e Arrondissement,45.782287,4.849378,27,3,OPEN,2025-12-26T21:33:54+01:00
10083,10083 - CHATEAU GAILLARD / BIENVENUS,"Face 31, Rue des Bienvenus",Villeurbanne,45.777873,4.884238,15,8,OPEN,2025-12-26T21:32:45+01:00
2017,2017 - RÉPUBLIQUE / FERRANDIÈRE,"Face 30, Rue Ferrandière",Lyon 2e Arrondissement,45.762184,4.836023,25,9,OPEN,2025-12-26T21:31:23+01:00
8057,8057 - VIENNE / MONTAGNY,"186, Route de Vienne",Lyon 8e Arrondissement,45.732483,4.853406,20,7,OPEN,2025-12-26T21:35:44+01:00
3051,3051 - PLACE HENRI,Place Henri,Lyon 3e Arrondissement,45.748193,4.880641,13,12,OPEN,2025-12-26T21:35:47+01:00
7014,7014 - MARSEILLE / FÉLISSENT,"3, Rue Félissent",Lyon 7e Arrondissement,45.752989,4.841417,30,13,OPEN,2025-12-26T21:32:52+01:00
9006,9006 - THÉÂTRE NOUVELLE GÉNÉRATION,"Face 2, Rue Tissot",Lyon 9e Arrondissement,45.777287,4.803297,16,1,OPEN,2025-12-26T21:30:18+01:00
10032,10032 - PRIMAT / DECORPS,Rue Max Barel,Villeurbanne,45.757173,4.89998,13,8,OPEN,2025-12-26T21:33:36+01:00
8021,8021 - PAUL SANTY,"101, Avenue Paul Santy",Lyon 8e Arrondissement,45.728542,4.877279,16,8,OPEN,2025-12-26T21:28:24+01:00
2001,2001 - BELLECOUR / RÉPUBLIQUE,"4, Place Le Viste",Lyon 2e Arrondissement,45.758,4.834594,18,14,OPEN,2025-12-26T21:34:19+01:00
2028,2028 - SAINTE-BLANDINE,"60, Cours Charlemagne",Lyon 2e Arrondissement,45.744438,4.822152,16,14,OPEN,2025-12-26T21:35:07+01:00
2006,2006 - PLACE DE L'HIPPODROME,"Face 1, Rue Marc-Antoine Petit",Lyon 2e Arrondissement,45.745528,4.82359,24,16,OPEN,2025-12-26T21:36:31+01:00
3021,3021 - PLACE DE LA FERRANDIÈRE,"51, Avenue Georges Pompidou",Lyon 3e Arrondissement,45.759488,4.869346,20,1,OPEN,2025-12-26T21:29:51+01:00
8059,8059 - LAENNEC / PINEL,"Face 167, Boulevard Pinel",Lyon 8e Arrondissement,45.735375,4.88954,15,3,OPEN,2025-12-26T21:33:56+01:00
1003,1003 - PLACE SATHONAY,"4, Place Sathonay",Lyon 1er Arrondissement,45.769289,4.830127,22,10,OPEN,2025-12-26T21:33:45+01:00
2009,2009 - CONFLUENCE / DOCKS,"41, Quai Rambaud",Lyon 2e Arrondissement,45.739652,4.814984,26,7,OPEN,2025-12-26T21:34:14+01:00
2011,2011 - SALA / RUE DU PLAT,25 Rue du Plat,Lyon 2e Arrondissement,45.756813,4.828342,14,13,OPEN,2025-12-26T21:30:46+01:00
1001,1001 - TERREAUX / TERME,"33, Rue Terme",Lyon 1er Arrondissement,45.767736,4.832114,16,6,OPEN,2025-12-26T21:36:32+01:00
1016,1016 - PÊCHERIE,"6, Rue de la Platière",Lyon 1er Arrondissement,45.765944,4.831089,17,5,OPEN,2025-12-26T21:30:54+01:00
7056,7056 - PLACE RASPAIL,Place Raspail,Lyon 7e Arrondissement,45.755783,4.840745,22,19,OPEN,2025-12-26T21:33:18+01:00
10103,10103 - DOUA / RUE DES SPORTS,"7, Rue des Sports",Villeurbanne,45.784526,4.877482,30,5,OPEN,2025-12-26T21:31:35+01:00
10080,10080 - VAILLANT / PERRONCEL,"45, Rue Edouard Vaillant",Villeurbanne,45.775409,4.880261,17,1,OPEN,2025-12-26T21:32:35+01:00
5032,5032 - MÉNIVAL / EISENHOWER,"37, Avenue de Ménival",Lyon 5e Arrondissement,45.756757,4.783206,12,5,OPEN,2025-12-26T21:30:12+01:00
3070,3070 - REBATEL / SAINT-MAXIMIN,"62, Rue Saint Maximin",Lyon 3e Arrondissement,45.747835,4.872261,30,4,OPEN,2025-12-26T21:30:49+01:00
10074,10074 - ZOLA / PASSAGE REY,"141, Cours Emile Zola",Villeurbanne,45.770099,4.876728,19,18,OPEN,2025-12-26T21:34:24+01:00
8015,8015 - JEAN XXIII,"25, Rue Maryse Bastié",Lyon 8e Arrondissement,45.740324,4.874192,16,6,OPEN,2025-12-26T21:30:44+01:00
3089,3089 - TRARIEUX / LACASSAGNE,"Face 221, Avenue Lacassagne",Lyon 3e Arrondissement,45.745304,4.888964,24,19,OPEN,2025-12-26T21:29:01+01:00
10048,10048 - PLACE MARENGO,"54, Avenue Marc Sangnier",Villeurbanne,45.759176,4.875958,27,13,OPEN,2025-12-26T21:28:55+01:00
10115,10115 - PLACE D'ESPAGNE / STADE KRUGER,"137, Avenue Paul Krüger",Villeurbanne,45.754181,4.90528,22,12,OPEN,2025-12-26T21:35:00+01:00
10063,10063 - PERRIN / JEAN JAURÈS,"Face 24, Rue Antonin Perrin",Villeurbanne,45.7579236990649,4.88526502910926,34,17,OPEN,2025-12-26T21:31:28+01:00
10045,10045 - ALSACE ANATOLE FRANCE,"24, Rue Anatole France",Villeurbanne,45.766920999999996,4.870087,20,15,OPEN,2025-12-26T21:28:46+01:00
3085,3085 - SACRE COEUR,"66, Rue Antoine Charial",Lyon 3e Arrondissement,45.757864,4.868337,16,5,OPEN,2025-12-26T21:29:32+01:00
2041,2041 - SALA / CHARITÉ,"41, Rue Sala",Lyon 2e Arrondissement,45.754468,4.833041,21,16,OPEN,2025-12-26T21:33:20+01:00
10086,10086 - ANATOLE FRANCE,"Face 192, Rue Anatole France",Villeurbanne,45.769837,4.889629,10,3,OPEN,2025-12-26T21:34:32+01:00
7011,7011 - BERTHELOT / GARIBALDI,"111, Avenue Berthelot",Lyon 7e Arrondissement,45.743756,4.847406,15,4,OPEN,2025-12-26T21:31:41+01:00
10117,10117 - LA PERRALIÈRE,"166, Rue du 4 Août 1789",Villeurbanne,45.764567,4.892349,22,13,OPEN,2025-12-26T21:36:19+01:00
9041,9041 - CARRET / SÉDALLIAN,"30, Quai Paul Sédallian",Lyon 9e Arrondissement,45.792478,4.820567,18,4,OPEN,2025-12-26T21:32:44+01:00
9043,9043 - MARIETTON OUEST,"Face 77b, Rue Marietton",Lyon 9e Arrondissement,45.776087,4.7997250000000005,20,3,OPEN,2025-12-26T21:30:33+01:00
1024,1024 - ROUVILLE,Place Rouville,Lyon 1er Arrondissement,45.769684,4.824607,17,14,OPEN,2025-12-26T21:36:28+01:00
10035,10035 - BOIRON GRANGER,"45, Rue Pierre Baratin",Villeurbanne,45.763139,4.900492,16,10,OPEN,2025-12-26T21:33:17+01:00
5005,5005 - SAINT-PAUL,"Face 9, Place Saint Paul",Lyon 5e Arrondissement,45.766278,4.827425,23,5,OPEN,2025-12-26T21:34:21+01:00
4041,4041 - BOUSSANGES / AUSTERLITZ,"25, Rue d'Austerlitz",Lyon 4e Arrondissement,45.775070841112,4.83549930268728,18,8,OPEN,2025-12-26T21:29:40+01:00
6043,6043 - CITÉ INTERNATIONALE / CINÉMA,"80, Quai Charles de Gaulle",Lyon 6e Arrondissement,45.784698,4.851896,32,9,OPEN,2025-12-26T21:31:14+01:00
7051,7051 - GUILLOTIERE / NICOLAÏ,"241, Grande Rue de la Guillotière",Lyon 7e Arrondissement,45.747933,4.856358,30,21,OPEN,2025-12-26T21:35:55+01:00
3088,3088 - PLACE GUICHARD,"65, Rue Mazenod",Lyon 3e Arrondissement,45.75882,4.846453,16,7,OPEN,2025-12-26T21:31:48+01:00
10059,10059 - ANATOLE FRANCE / ZOLA,"Face 145, Rue Anatole France",Villeurbanne,45.76884,4.884276,13,9,OPEN,2025-12-26T21:36:01+01:00
8040,8040 - AMBROISE PARÉ,"39, Boulevard Ambroise Paré",Lyon 8e Arrondissement,45.736289,4.883667,24,10,OPEN,2025-12-26T21:36:16+01:00
9040,9040 - PLACE RHODIACETA,"53, Rue du Chapeau Rouge",Lyon 9e Arrondissement,45.770991,4.807578,12,1,OPEN,2025-12-26T21:30:51+01:00
6016,6016 - VIABERT / THIERS,"161, Avenue Thiers",Lyon 6e Arrondissement,45.766032,4.862063,16,9,OPEN,2025-12-26T21:35:13+01:00
6008,6008 - PLACE JULES FERRY,"17, Place Jules Ferry",Lyon 6e Arrondissement,45.7684,4.858972,20,20,OPEN,2025-12-26T21:35:51+01:00
2019,2019 - SUCRIERE,Place Chevalier de Saint-Georges,Lyon 2e Arrondissement,45.736216,4.815348,20,6,OPEN,2025-12-26T21:32:30+01:00
5004,5004 - SAINT-JEAN,"2, Place Saint Jean",Lyon 5e Arrondissement,45.760468,4.826548,39,37,OPEN,2025-12-26T21:32:59+01:00
10030,10030 - GREUZE,"2, Rue Greuze",Villeurbanne,45.773845,4.893851,18,2,OPEN,2025-12-26T21:28:44+01:00
10118,10118 - VOYANT / CHAMBFORT,"93, Rue Pierre Voyant",Villeurbanne,45.767194,4.900597,22,7,OPEN,2025-12-26T21:36:02+01:00
1022,1022 - PLACE TOLOZAN,"18, Place Tolozan",Lyon 1er Arrondissement,45.769508,4.837495,36,9,OPEN,2025-12-26T21:36:15+01:00
8060,8060 - SANTY / BEAUVISAGE,"Face 9, Rue Pierre Verger",Lyon 8e Arrondissement,45.731708,4.874205,17,12,OPEN,2025-12-26T21:31:01+01:00
3031,3031 - CORNEILLE / SERVIENT,"126, Rue Pierre Corneille",Lyon 3e Arrondissement,45.759906,4.844511,13,7,OPEN,2025-12-26T21:30:40+01:00
10001,10001 - IUT / FEYSSINE,"Face 102, Rue de la Technologie",Villeurbanne,45.785632,4.882366,30,6,OPEN,2025-12-26T21:33:59+01:00
3043,3043 - PLACE ROUGET DE L'ISLE,"Face 35, Avenue Lacassagne",Lyon 3e Arrondissement,45.753975,4.867336,16,16,OPEN,2025-12-26T21:36:09+01:00
6001,6001 - GARE DES BROTTEAUX,"4, Place Jules Ferry",Lyon 6e Arrondissement,45.766893,4.858922,16,16,OPEN,2025-12-26T21:32:51+01:00
20001,20001 - OULLINS - GARE,Avenue du Rhône,Oullins,45.717001,4.814072,40,15,OPEN,2025-12-26T21:30:52+01:00
10114,10114 - BEL AIR / LES BROSSES,"Face 6, Avenue de Bel Air",Villeurbanne,45.757931,4.910776,20,11,OPEN,2025-12-26T21:33:31+01:00
4008,4008 - CLOS SAVARON,"Face 19, Rue Clos Savaron",Lyon 4e Arrondissement,45.782631,4.825576,20,11,OPEN,2025-12-26T21:35:53+01:00
10071,10071 - LYCÉE MARIE CURIE,"33, Boulevard Eugène Réguillon",Villeurbanne,45.761532,4.895763,15,10,OPEN,2025-12-26T21:30:41+01:00
10038,10038 - CONDORCET,"Face 74, Boulevard du 11 Novembre 1918",Villeurbanne,45.779062,4.866874,23,10,OPEN,2025-12-26T21:34:43+01:00
10060,10060 - SAINT EXUPÉRY,"33, Avenue Antoine de Saint-Exupéry",Villeurbanne,45.758874,4.878683,15,8,OPEN,2025-12-26T21:33:03+01:00
4005,4005 - PLACE BERTONE,"Face 1, Place Marcel Bertone",Lyon 4e Arrondissement,45.77762,4.83453,12,4,OPEN,2025-12-26T21:29:07+01:00
7031,7031 - JAURÈS / GERLAND,"Face 45, Rue de Gerland",Lyon 7e Arrondissement,45.739827,4.840308,20,13,OPEN,2025-12-26T21:31:23+01:00
9050,9050 - ALLEE DE L'EUROPE,"228, Avenue du Plateau",Lyon 9e Arrondissement,45.783698,4.794485,12,7,OPEN,2025-12-26T21:34:55+01:00
10087,10087 - BARATIN,"76, Rue Pierre Baratin",Villeurbanne,45.760603,4.900702,12,7,OPEN,2025-12-26T21:34:33+01:00
4026,4026 - BIRMINGHAM,Avenue de Birmingham,Lyon 4e Arrondissement,45.774632,4.813425,20,11,OPEN,2025-12-26T21:34:12+01:00
2020,2020 - MUSÉE DES CONFLUENCES,"86, Quai Perrache",Lyon 2e Arrondissement,45.733388,4.818954,20,1,OPEN,2025-12-26T21:30:33+01:00
17003,17003 - ST FONS - THEATRE,5 rue Paul Vaillant Couturier,Saint-Fons,45.708479,4.862074,18,4,OPEN,2025-12-26T21:31:40+01:00
4001,4001 - CONSERVATOIRE BIS,"3, Quai Joseph Gillet",Lyon 1er Arrondissement,45.770392,4.814254,22,18,OPEN,2025-12-26T21:29:25+01:00
10043,10043 - SALENGRO / FEYSSINE,"Face 44, Rue de la Feyssine",Villeurbanne,45.782994,4.890614,20,2,OPEN,2025-12-26T21:35:15+01:00
5007,5007 - PLACE DE TRION,Place de Trion,Lyon 5e Arrondissement,45.757916,4.81317,16,5,OPEN,2025-12-26T21:34:58+01:00
3015,3015 - SERVIENT / GARIBALDI,"Face 112, Rue Servient",Lyon 3e Arrondissement,45.760779,4.85276,32,12,OPEN,2025-12-26T21:36:27+01:00
8037,8037 - CAZENEUVE,"Face 42, Rue Paul Cazeneuve",Lyon 8e Arrondissement,45.734027,4.862906,19,5,OPEN,2025-12-26T21:28:03+01:00
7018,7018 - LYCEE LOUISE LABE,"1, Rue Crépet",Lyon 7e Arrondissement,45.740279,4.8320609999999995,20,7,OPEN,2025-12-26T21:34:28+01:00
2015,2015 - RÉPUBLIQUE / STELLA,"1, Rue Stella",Lyon 2e Arrondissement,45.760698,4.836279,27,23,OPEN,2025-12-26T21:34:11+01:00
10056,10056 - 11 NOVEMBRE / GASTON BERGER,"Face 110, Avenue du 11 novembre 1918",Villeurbanne,45.779066,4.871581,35,7,OPEN,2025-12-26T21:35:38+01:00
3029,3029 - PLACE ARISTIDE BRIAND,"Face 303, Rue Duguesclin",Lyon 3e Arrondissement,45.752967,4.850271,38,20,OPEN,2025-12-26T21:35:40+01:00
10061,10061 - RÉPUBLIQUE,"103, Cours Emile Zola ",Villeurbanne,45.7708541,4.8726116,17,15,OPEN,2025-12-26T21:34:22+01:00
4003,4003 - PLACE COMMANDANT  ARNAUD,"Face 1, Place Commandant Arnaud",Lyon 4e Arrondissement,45.779731,4.834708,17,6,OPEN,2025-12-26T21:34:41+01:00
